{
    "epoch": 2.999170124481328,
    "total_flos": 1.819645724446556e+17,
    "train_loss": 0.5106593537216215,
    "train_runtime": 2793.5343,
    "train_samples_per_second": 7.763,
    "train_steps_per_second": 0.97
}